benchmark,base_result,machine,limits,class,lower_is_better,repetition,result,normalized
stressng-cpu-ackermann,1.3448930000000001,issdm-6,with,cpu,False,1,2.776777,2.064682469162974
stressng-cpu-bitops,540.245816,issdm-6,with,cpu,False,1,483.40887999999995,0.894794306005324
stressng-cpu-callfunc,28821.929834,issdm-6,with,cpu,False,1,66173.444098,2.295940781173439
stressng-cpu-cdouble,41.269077,issdm-6,with,cpu,False,1,841.024308,20.379043320983406
stressng-cpu-cfloat,40.008874,issdm-6,with,cpu,False,1,601.996383,15.046571493114254
stressng-cpu-clongdouble,35.321269,issdm-6,with,cpu,False,1,371.749033,10.524792668122993
stressng-cpu-correlate,0.085737,issdm-6,with,cpu,False,1,7.037688,82.08460757899158
stressng-cpu-crc16,44.270771999999994,issdm-6,with,cpu,False,1,35.767459,0.8079248990733662
stressng-cpu-decimal32,44.270771999999994,issdm-6,with,cpu,False,1,266.270734,6.014594324219149
stressng-cpu-decimal64,44.270771999999994,issdm-6,with,cpu,False,1,323.879708,7.315881186801984
stressng-cpu-decimal128,35.360962,issdm-6,with,cpu,False,1,52.757936,1.4919824862230842
stressng-cpu-dither,15.7718,issdm-6,with,cpu,False,1,36.352309000000005,2.3048928467264362
stressng-cpu-djb2a,21835.876491,issdm-6,with,cpu,False,1,20690.987128,0.9475684265080048
stressng-cpu-double,41.178266,issdm-6,with,cpu,False,1,1356.371044,32.93900340534009
stressng-cpu-euler,8487.934437,issdm-6,with,cpu,False,1,1374618.31195,161.94968542144503
stressng-cpu-explog,0.63089,issdm-6,with,cpu,False,1,27.66968,43.85816861893516
stressng-cpu-fft,1.5884530000000001,issdm-6,with,cpu,False,1,59.597336,37.51910569591924
stressng-cpu-fibonacci,2492582.05995,issdm-6,with,cpu,False,1,3547855.8769699996,1.423365727442156
stressng-cpu-float,385.042348,issdm-6,with,cpu,False,1,5751.541961,14.93742698919964
stressng-cpu-fnv1a,11638.691738,issdm-6,with,cpu,False,1,21169.288763,1.8188718491342863
stressng-cpu-gamma,0.197453,issdm-6,with,cpu,False,1,45.970515,232.817505938122
stressng-cpu-gcd,496.183508,issdm-6,with,cpu,False,1,236.38444500000003,0.47640528390959747
stressng-cpu-gray,1605.382855,issdm-6,with,cpu,False,1,1368.598793,0.8525061724295042
stressng-cpu-hamming,140.566785,issdm-6,with,cpu,False,1,115.242806,0.8198437916894805
stressng-cpu-hanoi,31.940533000000002,issdm-6,with,cpu,False,1,32.04464,1.0032594008371745
stressng-cpu-hyperbolic,1.811796,issdm-6,with,cpu,False,1,193.72531899999998,106.92446555793256
stressng-cpu-idct,105.588415,issdm-6,with,cpu,False,1,4339.830083,41.10138487257338
stressng-cpu-int128,613.545523,issdm-6,with,cpu,False,1,1084.884584,1.7682218243486392
stressng-cpu-int64,5772.306863000001,issdm-6,with,cpu,False,1,10552.2634,1.8280842738349752
stressng-cpu-int32,5772.723277,issdm-6,with,cpu,False,1,12490.377921,2.163689011521624
stressng-cpu-int16,5772.348435,issdm-6,with,cpu,False,1,12876.595478,2.230737735775647
stressng-cpu-int8,5908.934274,issdm-6,with,cpu,False,1,12505.848063,2.116430388814306
stressng-cpu-int128float,245.44638799999998,issdm-6,with,cpu,False,1,961.7213130000001,3.9182540873243576
stressng-cpu-int128double,39.29967,issdm-6,with,cpu,False,1,632.6811809999999,16.098892967803543
stressng-cpu-int128longdouble,2.6506979999999998,issdm-6,with,cpu,False,1,149.09046999999998,56.245739801365524
stressng-cpu-int128decimal32,2.6506979999999998,issdm-6,with,cpu,False,1,217.573892,82.08173545232238
stressng-cpu-int128decimal64,2.6506979999999998,issdm-6,with,cpu,False,1,244.384162,92.19615437141464
stressng-cpu-int128decimal128,2.6506979999999998,issdm-6,with,cpu,False,1,48.991838,18.48261778595676
stressng-cpu-int64float,371.587889,issdm-6,with,cpu,False,1,3860.0276270000004,10.387926359462163
stressng-cpu-int64double,2.651071,issdm-6,with,cpu,False,1,1274.1900660000001,480.632192046158
stressng-cpu-int64longdouble,371.986874,issdm-6,with,cpu,False,1,169.779522,0.4564126690126168
stressng-cpu-int32float,41.627010999999996,issdm-6,with,cpu,False,1,4426.728071,106.34268386457055
stressng-cpu-int32double,2.672973,issdm-6,with,cpu,False,1,1279.191155,478.5649368699198
stressng-cpu-int32longdouble,2.661037,issdm-6,with,cpu,False,1,172.393054,64.78416271551279
stressng-cpu-jenkin,471476.43180699996,issdm-6,with,cpu,False,1,6399.869939,0.013574103618438775
stressng-cpu-jmp,3323.58004,issdm-6,with,cpu,False,1,7816.070999,2.3517023525631715
stressng-cpu-ln2,67.852788,issdm-6,with,cpu,False,1,5553.130457,81.84085902262409
stressng-cpu-longdouble,2.672516,issdm-6,with,cpu,False,1,175.047239,65.49904247533036
stressng-cpu-loop,4066.367797,issdm-6,with,cpu,False,1,5110.419449,1.2567528822086036
stressng-cpu-matrixprod,0.12742699999999998,issdm-6,with,cpu,False,1,18.768818,147.29074685898595
stressng-cpu-nsqrt,0.171731,issdm-6,with,cpu,False,1,34.642843,201.72737013119357
stressng-cpu-omega,4286.82895,issdm-6,with,cpu,False,1,653090.393405,152.34813448878103
stressng-cpu-parity,3268.90182,issdm-6,with,cpu,False,1,4070.267624,1.245148324460843
stressng-cpu-phi,2163412.7974099996,issdm-6,with,cpu,False,1,2682589.83088,1.2399805687067904
stressng-cpu-pi,1383.92681,issdm-6,with,cpu,False,1,198380.322306,143.34596372621758
stressng-cpu-pjw,12834.940439,issdm-6,with,cpu,False,1,10913.167648999999,0.850270221421477
stressng-cpu-prime,0.37114400000000003,issdm-6,with,cpu,False,1,0.808467,2.1783108443084087
stressng-cpu-psi,3390.279704,issdm-6,with,cpu,False,1,335461.14185,98.947924991029
stressng-cpu-queens,20.599903,issdm-6,with,cpu,False,1,21.379151,1.037827750936497
stressng-cpu-rand,1659.9056,issdm-6,with,cpu,False,1,4578.918777000001,2.7585416767073987
stressng-cpu-rand48,120.73783300000001,issdm-6,with,cpu,False,1,586.389738,4.856719086551768
stressng-cpu-rgb,277.703913,issdm-6,with,cpu,False,1,11894.892138,42.83300155730971
stressng-cpu-sdbm,18579.119200999998,issdm-6,with,cpu,False,1,20543.470448,1.1057289759405964
stressng-cpu-sieve,1.9495529999999999,issdm-6,with,cpu,False,1,3.2149509999999997,1.6490708382895976
stressng-cpu-sqrt,5.177912,issdm-6,with,cpu,False,1,1459.840283,281.9360937381709
stressng-cpu-trig,1.969468,issdm-6,with,cpu,False,1,120.246274,61.055205771304735
stressng-cpu-union,9992.295155,issdm-6,with,cpu,False,1,6470.731626,0.6475721068709764
stressng-cpu-zeta,4.408843,issdm-6,with,cpu,False,1,92.85386899999999,21.060824574610614
stressng-cpu-bsearch,40.688476,issdm-6,with,cpu,False,1,64.070375,1.5746565440298133
stressng-cpu-cpu,0.554323,issdm-6,with,cpu,False,1,26.551032,47.89812437874669
stressng-cpu-hsearch,371.082226,issdm-6,with,cpu,False,1,435.888963,1.1746425251852401
stressng-cpu-longjmp,9992.8894,issdm-6,with,cpu,False,1,16651.009611,1.6662857902740325
stressng-cpu-lsearch,0.900209,issdm-6,with,cpu,False,1,1.600018,1.7773850294764881
stressng-cpu-opcode,407.538883,issdm-6,with,cpu,False,1,886.1023029999999,2.174276713125309
stressng-cpu-qsort,1.100214,issdm-6,with,cpu,False,1,1.29952,1.1811520304231722
stressng-cpu-str,1325.939887,issdm-6,with,cpu,False,1,2904.3934649999997,2.190441281294677
stressng-cpu-stream,4.67103,issdm-6,with,cpu,False,1,22.931323000000003,4.9092647660152045
stressng-cpu-tsearch,1.6703759999999999,issdm-6,with,cpu,False,1,2.650752,1.5869193522895446
stressng-cpu-wcs,925.3376880000001,issdm-6,with,cpu,False,1,1783.6933829999998,1.9276134606115813
stressng-memory-context,1831.81215,issdm-6,with,memory,False,1,1101.5138539999998,0.6013246794983862
stressng-memory-full,33551.947426,issdm-6,with,memory,False,1,33986.333691,1.0129466781610235
stressng-memory-malloc,281510.474126,issdm-6,with,memory,False,1,236923.617615,0.8416156391714094
stressng-memory-matrix,13.803153,issdm-6,with,memory,False,1,693.808536,50.26449652481574
stressng-memory-memcpy,70.025444,issdm-6,with,memory,False,1,60.673165000000004,0.8664445597802994
stressng-memory-mincore,8089.20991,issdm-6,with,memory,False,1,7447.29162,0.9206451189742956
stressng-memory-null,1691160.90765,issdm-6,with,memory,False,1,1438082.4632700002,0.8503522383735371
stressng-memory-pipe,107971.19705599999,issdm-6,with,memory,False,1,104331.569711,0.9662907567551348
stressng-memory-remap,121.64103999999999,issdm-6,with,memory,False,1,138.370566,1.1375319217921847
stressng-memory-stackmmap,0.199517,issdm-6,with,memory,False,1,0.099728,0.4998471308209325
stressng-memory-str,1326.342712,issdm-6,with,memory,False,1,3812.92274,2.8747643467279067
stressng-memory-zero,37502.320117,issdm-6,with,memory,False,1,31776.514142,0.8473212868660768
stressng-matrix-add,360.38080099999996,issdm-6,with,matrix,False,1,9602.672805,26.645905604166746
stressng-matrix-div,143.032424,issdm-6,with,matrix,False,1,5908.746771,41.31054068551617
stressng-matrix-frobenius,200.744889,issdm-6,with,matrix,False,1,8979.483494,44.730819991138105
stressng-matrix-mult,406.19131400000003,issdm-6,with,matrix,False,1,16880.336836000002,41.55760168716951
stressng-matrix-prod,1.500338,issdm-6,with,matrix,False,1,74.48736099999999,49.64705353060443
stressng-matrix-sub,328.47430499999996,issdm-6,with,matrix,False,1,10027.081999,30.52622943825089
stressng-matrix-hadamard,402.79159599999997,issdm-6,with,matrix,False,1,8716.812895000001,21.64099991549973
stressng-matrix-trans,1657.178824,issdm-6,with,matrix,False,1,11424.193382,6.893760176361027
stressng-string-index,4233.804741,issdm-6,with,string,False,1,9082.655436,2.1452702690900973
stressng-string-rindex,1184.929397,issdm-6,with,string,False,1,4794.0642609999995,4.045864903966088
stressng-string-strcasecmp,13501.029625,issdm-6,with,string,False,1,2369.8,0.17552735352952759
stressng-string-strcat,473.246385,issdm-6,with,string,False,1,2842.728398,6.006867644641385
stressng-string-strchr,4233.78788,issdm-6,with,string,False,1,9990.566932,2.3597230695459404
stressng-string-strcoll,2038.277691,issdm-6,with,string,False,1,3583.512218,1.7581079525243157
stressng-string-strcmp,14460.611857,issdm-6,with,string,False,1,12701.92656,0.8783809900720994
stressng-string-strcpy,1956.156411,issdm-6,with,string,False,1,12550.879298,6.4160918970604754
stressng-string-strlen,4833.754268,issdm-6,with,string,False,1,13276.299391,2.7465813640735948
stressng-string-strncasecmp,11049.836636,issdm-6,with,string,False,1,2334.372677,0.21125856914433389
stressng-string-strncat,492.419007,issdm-6,with,string,False,1,837.268051,1.7003162735349084
stressng-string-strncmp,994.648214,issdm-6,with,string,False,1,4444.139628,4.468051684452127
stressng-string-strrchr,1202.0035,issdm-6,with,string,False,1,4797.139344,3.9909528915681194
stressng-string-strxfrm,552.3283389999999,issdm-6,with,string,False,1,945.576283,1.7119821965173512
